{"cameraMode":{"drawMode":0,"name":"Shaded","section":"Shading Mode"},"sceneLighting":false,"audioPlay":false,"sceneViewState":{"showFog":true,"showMaterialUpdate":false,"showSkybox":false,"showFlares":true,"showImageEffects":true,"showParticleSystems":true},"in2DMode":false,"pivot":{"x":0.0,"y":0.9500000476837158,"z":0.20000001788139344},"rotation":{"x":-0.035406701266765597,"y":0.8418392539024353,"z":-0.055642109364271167,"w":-0.5356854796409607},"size":2.0245134830474855,"orthographic":true}