{"cameraMode":{"drawMode":0,"name":"Shaded","section":"Shading Mode"},"sceneLighting":true,"audioPlay":false,"sceneViewState":{"showFog":true,"showMaterialUpdate":false,"showSkybox":false,"showFlares":true,"showImageEffects":true,"showParticleSystems":true},"in2DMode":false,"pivot":{"x":-9.52554702758789,"y":-1.2282166481018067,"z":11.016304016113282},"rotation":{"x":0.07281851768493653,"y":0.9271103143692017,"z":-0.25390198826789858,"w":0.2658930718898773},"size":8.795823097229004,"orthographic":false}