{"cameraMode":{"drawMode":0,"name":"Shaded","section":"Shading Mode"},"sceneLighting":false,"audioPlay":false,"sceneViewState":{"showFog":false,"showMaterialUpdate":false,"showSkybox":false,"showFlares":false,"showImageEffects":false,"showParticleSystems":false},"in2DMode":false,"pivot":{"x":-2.4590702056884767,"y":-0.696739673614502,"z":-5.071127891540527},"rotation":{"x":-0.04108641296625137,"y":0.957211434841156,"z":-0.1712178885936737,"w":-0.22968438267707826},"size":17.777070999145509,"orthographic":false}