{"cameraMode":{"drawMode":0,"name":"Shaded","section":"Shading Mode"},"sceneLighting":false,"audioPlay":false,"sceneViewState":{"showFog":false,"showMaterialUpdate":false,"showSkybox":false,"showFlares":false,"showImageEffects":false,"showParticleSystems":false},"in2DMode":false,"pivot":{"x":-2.209355592727661,"y":-0.8585455417633057,"z":-10.742958068847657},"rotation":{"x":-0.01317318994551897,"y":0.9866151809692383,"z":-0.12497548013925553,"w":-0.10397662967443466},"size":17.172149658203126,"orthographic":false}