{"cameraMode":{"drawMode":0,"name":"Shaded","section":"Shading Mode"},"sceneLighting":false,"audioPlay":false,"sceneViewState":{"showFog":true,"showMaterialUpdate":false,"showSkybox":false,"showFlares":true,"showImageEffects":true,"showParticleSystems":true},"in2DMode":false,"pivot":{"x":0.0,"y":13.018126487731934,"z":-9.5367431640625e-7},"rotation":{"x":-0.004525761120021343,"y":0.9717379212379456,"z":-0.23533117771148683,"w":-0.018660977482795717},"size":74.51034545898438,"orthographic":false}