{"cameraMode":{"drawMode":0,"name":"Shaded","section":"Shading Mode"},"sceneLighting":false,"audioPlay":false,"sceneViewState":{"showFog":true,"showMaterialUpdate":false,"showSkybox":false,"showFlares":true,"showImageEffects":true,"showParticleSystems":true},"in2DMode":false,"pivot":{"x":-0.005116854328662157,"y":0.8886962532997131,"z":-1.8154296875},"rotation":{"x":-0.0008907326846383512,"y":0.9990916848182678,"z":-0.032982002943754199,"w":-0.026982253417372705},"size":2.793827772140503,"orthographic":true}