{"cameraMode":{"drawMode":0,"name":"Shaded","section":"Shading Mode"},"sceneLighting":false,"audioPlay":false,"sceneViewState":{"showFog":true,"showMaterialUpdate":false,"showSkybox":false,"showFlares":true,"showImageEffects":true,"showParticleSystems":true},"in2DMode":false,"pivot":{"x":-1.9326958656311036,"y":1.330000638961792,"z":-0.04228523373603821},"rotation":{"x":-0.16422034800052644,"y":0.6875802278518677,"z":-0.16412058472633363,"w":-0.6879947185516357},"size":6.421034336090088,"orthographic":false}