{"cameraMode":{"drawMode":0,"name":"Shaded","section":"Shading Mode"},"sceneLighting":false,"audioPlay":false,"sceneViewState":{"showFog":true,"showMaterialUpdate":false,"showSkybox":false,"showFlares":true,"showImageEffects":true,"showParticleSystems":true},"in2DMode":false,"pivot":{"x":-9.719339370727539,"y":0.8022331595420837,"z":-18.705286026000978},"rotation":{"x":0.07639208436012268,"y":0.5336415767669678,"z":-0.048482295125722888,"w":0.8408600687980652},"size":4.267731666564941,"orthographic":false}