{"cameraMode":{"drawMode":0,"name":"Shaded","section":"Shading Mode"},"sceneLighting":false,"audioPlay":false,"sceneViewState":{"showFog":true,"showMaterialUpdate":false,"showSkybox":false,"showFlares":true,"showImageEffects":true,"showParticleSystems":true},"in2DMode":false,"pivot":{"x":2.9571800231933595,"y":-0.16124629974365235,"z":-2.2867050170898439},"rotation":{"x":-0.06680815666913986,"y":-0.9269735813140869,"z":0.19933190941810609,"w":-0.3106848895549774},"size":16.64195442199707,"orthographic":false}