{"cameraMode":{"drawMode":0,"name":"Shaded","section":"Shading Mode"},"sceneLighting":false,"audioPlay":false,"sceneViewState":{"showFog":true,"showMaterialUpdate":false,"showSkybox":false,"showFlares":true,"showImageEffects":true,"showParticleSystems":true},"in2DMode":false,"pivot":{"x":-24.33963966369629,"y":0.7892584204673767,"z":-25.703521728515626},"rotation":{"x":0.10502681136131287,"y":0.5026266574859619,"z":-0.06167931854724884,"w":0.8558828830718994},"size":4.041658401489258,"orthographic":false}