{"cameraMode":{"drawMode":0,"name":"Shaded","section":"Shading Mode"},"sceneLighting":false,"audioPlay":false,"sceneViewState":{"showFog":true,"showMaterialUpdate":false,"showSkybox":false,"showFlares":true,"showImageEffects":true,"showParticleSystems":true},"in2DMode":false,"pivot":{"x":-1.8273948431015015,"y":4.636943340301514,"z":-6.963779449462891},"rotation":{"x":-0.0029136992525309326,"y":-0.9970594048500061,"z":-0.05808496102690697,"w":0.05000060051679611},"size":16.96556282043457,"orthographic":false}