{"cameraMode":{"drawMode":0,"name":"Shaded","section":"Shading Mode"},"sceneLighting":false,"audioPlay":false,"sceneViewState":{"showFog":true,"showMaterialUpdate":false,"showSkybox":false,"showFlares":true,"showImageEffects":true,"showParticleSystems":true},"in2DMode":false,"pivot":{"x":10.804677963256836,"y":1.925267219543457,"z":-6.546409606933594},"rotation":{"x":0.00635112076997757,"y":-0.989765465259552,"z":0.13474804162979127,"w":0.04665868356823921},"size":47.48621368408203,"orthographic":false}