{"cameraMode":{"drawMode":0,"name":"Shaded","section":"Shading Mode"},"sceneLighting":false,"audioPlay":false,"sceneViewState":{"showFog":true,"showMaterialUpdate":false,"showSkybox":false,"showFlares":true,"showImageEffects":true,"showParticleSystems":true},"in2DMode":false,"pivot":{"x":0.7997747659683228,"y":2.451159954071045,"z":0.28835010528564455},"rotation":{"x":0.011721279472112656,"y":0.9879763722419739,"z":-0.12063377350568772,"w":0.09603432565927506},"size":6.453184127807617,"orthographic":false}