{"cameraMode":{"drawMode":0,"name":"Shaded","section":"Shading Mode"},"sceneLighting":false,"audioPlay":false,"sceneViewState":{"showFog":true,"showMaterialUpdate":false,"showSkybox":false,"showFlares":true,"showImageEffects":true,"showParticleSystems":true},"in2DMode":false,"pivot":{"x":-1.3037829399108887,"y":0.3987922668457031,"z":-1.2212462425231934},"rotation":{"x":-0.06040681153535843,"y":0.9047300815582275,"z":-0.13702061772346497,"w":-0.39882880449295046},"size":11.766267776489258,"orthographic":false}