{"cameraMode":{"drawMode":0,"name":"Shaded","section":"Shading Mode"},"sceneLighting":false,"audioPlay":false,"sceneViewState":{"showFog":true,"showMaterialUpdate":false,"showSkybox":false,"showFlares":true,"showImageEffects":true,"showParticleSystems":true},"in2DMode":false,"pivot":{"x":-6.090000152587891,"y":1.0499999523162842,"z":-22.06999969482422},"rotation":{"x":0.11397714912891388,"y":0.28059515357017519,"z":-0.03357919305562973,"w":0.9524455666542053},"size":4.245344638824463,"orthographic":false}