{"cameraMode":{"drawMode":0,"name":"Shaded","section":"Shading Mode"},"sceneLighting":false,"audioPlay":false,"sceneViewState":{"showFog":true,"showMaterialUpdate":false,"showSkybox":false,"showFlares":true,"showImageEffects":true,"showParticleSystems":true},"in2DMode":false,"pivot":{"x":-8.555461883544922,"y":0.6827843189239502,"z":-25.847980499267579},"rotation":{"x":0.09616422653198242,"y":0.4721868634223938,"z":-0.05191216617822647,"w":0.8746989965438843},"size":4.17746639251709,"orthographic":false}