{"cameraMode":{"drawMode":0,"name":"Shaded","section":"Shading Mode"},"sceneLighting":false,"audioPlay":false,"sceneViewState":{"showFog":true,"showMaterialUpdate":false,"showSkybox":false,"showFlares":true,"showImageEffects":true,"showParticleSystems":true},"in2DMode":false,"pivot":{"x":0.26379838585853579,"y":0.7125850319862366,"z":0.701171875},"rotation":{"x":-0.0000021756329715572066,"y":0.9999991059303284,"z":0.0014999830164015294,"w":0.0015002444852143527},"size":4.442760944366455,"orthographic":true}