{"cameraMode":{"drawMode":0,"name":"Shaded","section":"Shading Mode"},"sceneLighting":false,"audioPlay":false,"sceneViewState":{"showFog":false,"showMaterialUpdate":false,"showSkybox":false,"showFlares":false,"showImageEffects":false,"showParticleSystems":false},"in2DMode":false,"pivot":{"x":-5.140620708465576,"y":-0.9348874092102051,"z":-9.873308181762696},"rotation":{"x":-0.029533138498663904,"y":0.9695937633514404,"z":-0.1495160609483719,"w":-0.1915038377046585},"size":16.803199768066408,"orthographic":false}